Month,Export Country,Export Continent,US Dollar Value,Tonnes,Data Type
Jan,Australia,Oceania,8820273.00,5653.91,Actual
Feb,Australia,Oceania,9588458.48,6535.91,Estimate
Mar,Australia,Oceania,9724467.61,6654.16,Estimate
Apr,Australia,Oceania,9860476.73,6772.40,Estimate
May,Australia,Oceania,9996485.86,6890.64,Estimate
Jun,Australia,Oceania,10132494.98,7008.89,Estimate
Jul,Australia,Oceania,10268504.11,7127.13,Estimate
Aug,Australia,Oceania,10404513.23,7245.37,Estimate
Sep,Australia,Oceania,10540522.36,7363.62,Estimate
Oct,Australia,Oceania,10676531.48,7481.86,Estimate
Nov,Australia,Oceania,10812540.61,7600.10,Estimate
Dec,Australia,Oceania,10948549.73,7718.35,Estimate
Feb,Austria,Europe,60264.99,21.42,Estimate
Mar,Austria,Europe,56019.93,19.05,Estimate
Apr,Austria,Europe,51774.87,16.68,Estimate
May,Austria,Europe,47529.82,14.32,Estimate
Jun,Austria,Europe,43284.76,11.95,Estimate
Jul,Austria,Europe,39039.70,9.58,Estimate
Aug,Austria,Europe,34794.64,7.21,Estimate
Sep,Austria,Europe,30549.59,4.84,Estimate
Oct,Austria,Europe,26304.53,2.48,Estimate
Dec,Austria,Europe,149004.40,41.70,Estimate
Feb,Bahamas,Latin America,44811.27,2.42,Estimate
Mar,Bahamas,Latin America,44967.72,2.51,Estimate
Apr,Bahamas,Latin America,45124.16,2.61,Estimate
May,Bahamas,Latin America,45280.61,2.70,Estimate
Jun,Bahamas,Latin America,45437.06,2.79,Estimate
Jul,Bahamas,Latin America,45593.50,2.89,Estimate
Aug,Bahamas,Latin America,45749.95,2.98,Estimate
Sep,Bahamas,Latin America,45906.40,3.07,Estimate
Oct,Bahamas,Latin America,46062.84,3.17,Estimate
Nov,Bahamas,Latin America,46219.29,3.26,Estimate
Dec,Bahamas,Latin America,46375.74,3.35,Estimate
Jan,Bahrain,Asia,1096595.00,621.90,Actual
Feb,Bahrain,Asia,1316143.88,935.45,Estimate
Mar,Bahrain,Asia,1297023.61,931.57,Estimate
Apr,Bahrain,Asia,1277903.33,927.69,Estimate
May,Bahrain,Asia,1258783.06,923.80,Estimate
Jun,Bahrain,Asia,1239662.78,919.92,Estimate
Jul,Bahrain,Asia,1220542.51,916.04,Estimate
Aug,Bahrain,Asia,1201422.23,912.16,Estimate
Sep,Bahrain,Asia,1182301.95,908.28,Estimate
Oct,Bahrain,Asia,1163181.68,904.39,Estimate
Nov,Bahrain,Asia,1144061.40,900.51,Estimate
Dec,Bahrain,Asia,1124941.13,896.63,Estimate
Jan,Belgium,Europe,2117918.00,1411.52,Actual
Feb,Belgium,Europe,1289676.50,1066.29,Estimate
Mar,Belgium,Europe,1176847.13,1008.90,Estimate
Apr,Belgium,Europe,1064017.76,951.50,Estimate
May,Belgium,Europe,951188.39,894.11,Estimate
Jun,Belgium,Europe,838359.01,836.72,Estimate
Jul,Belgium,Europe,725529.64,779.33,Estimate
Aug,Belgium,Europe,612700.27,721.93,Estimate
Sep,Belgium,Europe,499870.90,664.54,Estimate
Oct,Belgium,Europe,387041.53,607.15,Estimate
Nov,Belgium,Europe,274212.16,549.75,Estimate
Dec,Belgium,Europe,161382.79,492.36,Estimate
Jan,Belize,Latin America,29720.00,21.00,Actual
Jan,Benin,Africa,1300546.00,857.44,Actual
Feb,Benin,Africa,1147396.60,835.40,Estimate
Mar,Benin,Africa,1159186.95,846.70,Estimate
Apr,Benin,Africa,1170977.30,858.00,Estimate
May,Benin,Africa,1182767.65,869.30,Estimate
Jun,Benin,Africa,1194558.00,880.60,Estimate
Jul,Benin,Africa,1206348.34,891.90,Estimate
Aug,Benin,Africa,1218138.69,903.20,Estimate
Sep,Benin,Africa,1229929.04,914.50,Estimate
Oct,Benin,Africa,1241719.39,925.80,Estimate
Nov,Benin,Africa,1253509.74,937.10,Estimate
Dec,Benin,Africa,1265300.08,948.40,Estimate
Jan,Bolivia (Plurinational State of),Latin America,39961.00,22.80,Actual
Feb,Bolivia (Plurinational State of),Latin America,35471.19,7.99,Estimate
Mar,Bolivia (Plurinational State of),Latin America,35766.45,8.18,Estimate
Apr,Bolivia (Plurinational State of),Latin America,36061.70,8.37,Estimate
May,Bolivia (Plurinational State of),Latin America,36356.95,8.56,Estimate
Jun,Bolivia (Plurinational State of),Latin America,36652.21,8.76,Estimate
Jul,Bolivia (Plurinational State of),Latin America,36947.46,8.95,Estimate
Aug,Bolivia (Plurinational State of),Latin America,37242.71,9.14,Estimate
Sep,Bolivia (Plurinational State of),Latin America,37537.97,9.33,Estimate
Oct,Bolivia (Plurinational State of),Latin America,37833.22,9.52,Estimate
Nov,Bolivia (Plurinational State of),Latin America,38128.48,9.71,Estimate
Dec,Bolivia (Plurinational State of),Latin America,38423.73,9.90,Estimate
Feb,Botswana,Africa,15002.58,3.37,Estimate
Mar,Botswana,Africa,15062.55,3.42,Estimate
Apr,Botswana,Africa,15122.53,3.47,Estimate
May,Botswana,Africa,15182.51,3.52,Estimate
Jun,Botswana,Africa,15242.48,3.56,Estimate
Jul,Botswana,Africa,15302.46,3.61,Estimate
Aug,Botswana,Africa,15362.44,3.66,Estimate
Sep,Botswana,Africa,15422.42,3.71,Estimate
Oct,Botswana,Africa,15482.39,3.75,Estimate
Nov,Botswana,Africa,15542.37,3.80,Estimate
Dec,Botswana,Africa,15602.35,3.85,Estimate
Jan,Brazil,Latin America,759140.00,471.89,Actual
Feb,Brazil,Latin America,461342.58,280.60,Estimate
Mar,Brazil,Latin America,472067.05,288.11,Estimate
Apr,Brazil,Latin America,482791.52,295.63,Estimate
May,Brazil,Latin America,493515.99,303.14,Estimate
Jun,Brazil,Latin America,504240.46,310.66,Estimate
Jul,Brazil,Latin America,514964.93,318.17,Estimate
Aug,Brazil,Latin America,525689.41,325.69,Estimate
Sep,Brazil,Latin America,536413.88,333.20,Estimate
Oct,Brazil,Latin America,547138.35,340.71,Estimate
Nov,Brazil,Latin America,557862.82,348.23,Estimate
Dec,Brazil,Latin America,568587.29,355.74,Estimate
Jan,Bulgaria,Europe,95345.00,68.00,Actual
Feb,Bulgaria,Europe,139087.92,107.20,Estimate
Mar,Bulgaria,Europe,134535.68,105.61,Estimate
Apr,Bulgaria,Europe,129983.44,104.01,Estimate
May,Bulgaria,Europe,125431.21,102.42,Estimate
Jun,Bulgaria,Europe,120878.97,100.83,Estimate
Jul,Bulgaria,Europe,116326.73,99.23,Estimate
Aug,Bulgaria,Europe,111774.50,97.64,Estimate
Sep,Bulgaria,Europe,107222.26,96.05,Estimate
Oct,Bulgaria,Europe,102670.02,94.45,Estimate
Nov,Bulgaria,Europe,98117.79,92.86,Estimate
Dec,Bulgaria,Europe,93565.55,91.27,Estimate
Feb,Cameroon,Africa,63790.16,9.48,Estimate
Mar,Cameroon,Africa,63696.23,9.51,Estimate
Apr,Cameroon,Africa,63602.30,9.54,Estimate
May,Cameroon,Africa,63508.37,9.57,Estimate
Jun,Cameroon,Africa,63414.44,9.60,Estimate
Jul,Cameroon,Africa,63320.51,9.63,Estimate
Aug,Cameroon,Africa,63226.57,9.66,Estimate
Sep,Cameroon,Africa,63132.64,9.69,Estimate
Oct,Cameroon,Africa,63038.71,9.73,Estimate
Nov,Cameroon,Africa,62944.78,9.76,Estimate
Dec,Cameroon,Africa,62850.85,9.79,Estimate
Jan,Canada,North America,93363.00,65.00,Actual
Feb,Canada,North America,645474.48,453.29,Estimate
Mar,Canada,North America,656338.86,462.07,Estimate
Apr,Canada,North America,667203.23,470.84,Estimate
May,Canada,North America,678067.61,479.62,Estimate
Jun,Canada,North America,688931.98,488.39,Estimate
Jul,Canada,North America,699796.36,497.17,Estimate
Aug,Canada,North America,710660.73,505.95,Estimate
Sep,Canada,North America,721525.11,514.72,Estimate
Oct,Canada,North America,732389.48,523.50,Estimate
Nov,Canada,North America,743253.85,532.27,Estimate
Dec,Canada,North America,754118.23,541.05,Estimate
Jan,Cape Verde,Africa,15858.00,10.00,Actual
Feb,Cape Verde,Africa,23230.96,15.71,Estimate
Mar,Cape Verde,Africa,23604.34,16.00,Estimate
Apr,Cape Verde,Africa,23977.73,16.28,Estimate
May,Cape Verde,Africa,24351.11,16.57,Estimate
Jun,Cape Verde,Africa,24724.50,16.86,Estimate
Jul,Cape Verde,Africa,25097.88,17.15,Estimate
Aug,Cape Verde,Africa,25471.26,17.44,Estimate
Sep,Cape Verde,Africa,25844.65,17.73,Estimate
Oct,Cape Verde,Africa,26218.03,18.02,Estimate
Nov,Cape Verde,Africa,26591.41,18.31,Estimate
Dec,Cape Verde,Africa,26964.80,18.60,Estimate
Jan,Chile,Latin America,856669.00,557.92,Actual
Feb,Chile,Latin America,729945.81,484.37,Estimate
Mar,Chile,Latin America,749624.49,498.43,Estimate
Apr,Chile,Latin America,769303.17,512.50,Estimate
May,Chile,Latin America,788981.85,526.57,Estimate
Jun,Chile,Latin America,808660.54,540.63,Estimate
Jul,Chile,Latin America,828339.22,554.70,Estimate
Aug,Chile,Latin America,848017.90,568.77,Estimate
Sep,Chile,Latin America,867696.58,582.83,Estimate
Oct,Chile,Latin America,887375.27,596.90,Estimate
Nov,Chile,Latin America,907053.95,610.97,Estimate
Dec,Chile,Latin America,926732.63,625.03,Estimate
Jan,China,Asia,85684.00,46.81,Actual
Feb,China,Asia,55028.45,27.68,Estimate
Mar,China,Asia,55882.03,28.26,Estimate
Apr,China,Asia,56735.62,28.84,Estimate
May,China,Asia,57589.20,29.42,Estimate
Jun,China,Asia,58442.79,30.01,Estimate
Jul,China,Asia,59296.37,30.59,Estimate
Aug,China,Asia,60149.96,31.17,Estimate
Sep,China,Asia,61003.54,31.75,Estimate
Oct,China,Asia,61857.13,32.33,Estimate
Nov,China,Asia,62710.71,32.92,Estimate
Dec,China,Asia,63564.30,33.50,Estimate
Jan,Colombia,Latin America,108198.00,69.00,Actual
Feb,Colombia,Latin America,233010.24,153.84,Estimate
Mar,Colombia,Latin America,237290.10,158.09,Estimate
Apr,Colombia,Latin America,241569.95,162.35,Estimate
May,Colombia,Latin America,245849.81,166.60,Estimate
Jun,Colombia,Latin America,250129.67,170.86,Estimate
Jul,Colombia,Latin America,254409.53,175.11,Estimate
Aug,Colombia,Latin America,258689.39,179.36,Estimate
Sep,Colombia,Latin America,262969.25,183.62,Estimate
Oct,Colombia,Latin America,267249.11,187.87,Estimate
Nov,Colombia,Latin America,271528.97,192.13,Estimate
Dec,Colombia,Latin America,275808.83,196.38,Estimate
Jan,Congo,Africa,67194.00,44.00,Actual
Feb,Congo,Africa,141427.56,90.85,Estimate
Mar,Congo,Africa,141747.33,91.50,Estimate
Apr,Congo,Africa,142067.10,92.15,Estimate
May,Congo,Africa,142386.87,92.80,Estimate
Jun,Congo,Africa,142706.64,93.45,Estimate
Jul,Congo,Africa,143026.41,94.10,Estimate
Aug,Congo,Africa,143346.18,94.75,Estimate
Sep,Congo,Africa,143665.95,95.40,Estimate
Oct,Congo,Africa,143985.72,96.05,Estimate
Nov,Congo,Africa,144305.50,96.70,Estimate
Dec,Congo,Africa,144625.27,97.35,Estimate
Feb,Costa Rica,Latin America,55492.38,11.19,Estimate
Mar,Costa Rica,Latin America,56001.87,11.56,Estimate
Apr,Costa Rica,Latin America,56511.36,11.93,Estimate
May,Costa Rica,Latin America,57020.85,12.31,Estimate
Jun,Costa Rica,Latin America,57530.34,12.68,Estimate
Jul,Costa Rica,Latin America,58039.83,13.06,Estimate
Aug,Costa Rica,Latin America,58549.32,13.43,Estimate
Sep,Costa Rica,Latin America,59058.81,13.80,Estimate
Oct,Costa Rica,Latin America,59568.30,14.18,Estimate
Nov,Costa Rica,Latin America,60077.79,14.55,Estimate
Dec,Costa Rica,Latin America,60587.28,14.93,Estimate
Jan,Cyprus,Asia,25076.00,16.00,Actual
Feb,Cyprus,Asia,181572.57,137.03,Estimate
Mar,Cyprus,Asia,176832.76,135.79,Estimate
Apr,Cyprus,Asia,172092.96,134.55,Estimate
May,Cyprus,Asia,167353.16,133.31,Estimate
Jun,Cyprus,Asia,162613.36,132.07,Estimate
Jul,Cyprus,Asia,157873.55,130.83,Estimate
Aug,Cyprus,Asia,153133.75,129.59,Estimate
Sep,Cyprus,Asia,148393.95,128.35,Estimate
Oct,Cyprus,Asia,143654.15,127.11,Estimate
Nov,Cyprus,Asia,138914.34,125.87,Estimate
Dec,Cyprus,Asia,134174.54,124.63,Estimate
Jan,Dem. Rep. of the Congo,Africa,62212.00,41.00,Actual
Feb,Dem. Rep. of the Congo,Africa,111509.82,6.99,Estimate
Mar,Dem. Rep. of the Congo,Africa,108222.27,5.08,Estimate
Apr,Dem. Rep. of the Congo,Africa,104934.73,3.17,Estimate
May,Dem. Rep. of the Congo,Africa,101647.19,1.26,Estimate
Jun,Dem. Rep. of the Congo,Africa,35642.26,27.22,Estimate
Jul,Dem. Rep. of the Congo,Africa,37132.51,28.36,Estimate
Aug,Dem. Rep. of the Congo,Africa,29937.22,22.86,Estimate
Sep,Dem. Rep. of the Congo,Africa,37113.64,28.34,Estimate
Oct,Dem. Rep. of the Congo,Africa,38515.33,29.41,Estimate
Nov,Dem. Rep. of the Congo,Africa,34840.13,26.61,Estimate
Dec,Dem. Rep. of the Congo,Africa,32274.97,24.65,Estimate
Jan,Denmark,Europe,191313.00,133.00,Actual
Feb,Denmark,Europe,132966.74,84.92,Estimate
Mar,Denmark,Europe,124154.20,80.28,Estimate
Apr,Denmark,Europe,115341.67,75.65,Estimate
May,Denmark,Europe,106529.13,71.01,Estimate
Jun,Denmark,Europe,97716.59,66.37,Estimate
Jul,Denmark,Europe,88904.05,61.74,Estimate
Aug,Denmark,Europe,80091.51,57.10,Estimate
Sep,Denmark,Europe,71278.98,52.46,Estimate
Oct,Denmark,Europe,62466.44,47.83,Estimate
Nov,Denmark,Europe,53653.90,43.19,Estimate
Dec,Denmark,Europe,44841.36,38.55,Estimate
Feb,Dominica,Latin America,55625.16,3.83,Estimate
Mar,Dominica,Latin America,55844.20,3.98,Estimate
Apr,Dominica,Latin America,56063.24,4.13,Estimate
May,Dominica,Latin America,56282.27,4.29,Estimate
Jun,Dominica,Latin America,56501.31,4.44,Estimate
Jul,Dominica,Latin America,56720.34,4.59,Estimate
Aug,Dominica,Latin America,56939.38,4.75,Estimate
Sep,Dominica,Latin America,57158.42,4.90,Estimate
Oct,Dominica,Latin America,57377.45,5.05,Estimate
Nov,Dominica,Latin America,57596.49,5.20,Estimate
Dec,Dominica,Latin America,57815.52,5.36,Estimate
Jan,Dominican Rep.,Latin America,368946.00,243.58,Actual
Feb,Dominican Rep.,Latin America,276834.29,183.21,Estimate
Mar,Dominican Rep.,Latin America,281471.09,187.13,Estimate
Apr,Dominican Rep.,Latin America,286107.89,191.05,Estimate
May,Dominican Rep.,Latin America,290744.69,194.97,Estimate
Jun,Dominican Rep.,Latin America,295381.49,198.90,Estimate
Jul,Dominican Rep.,Latin America,300018.29,202.82,Estimate
Aug,Dominican Rep.,Latin America,304655.09,206.74,Estimate
Sep,Dominican Rep.,Latin America,309291.89,210.66,Estimate
Oct,Dominican Rep.,Latin America,313928.69,214.59,Estimate
Nov,Dominican Rep.,Latin America,318565.49,218.51,Estimate
Dec,Dominican Rep.,Latin America,323202.29,222.43,Estimate
Feb,Ecuador,Latin America,99859.41,36.13,Estimate
Mar,Ecuador,Latin America,99633.02,36.31,Estimate
Apr,Ecuador,Latin America,99406.63,36.50,Estimate
May,Ecuador,Latin America,99180.24,36.68,Estimate
Jun,Ecuador,Latin America,98953.85,36.86,Estimate
Jul,Ecuador,Latin America,98727.46,37.04,Estimate
Aug,Ecuador,Latin America,98501.07,37.22,Estimate
Sep,Ecuador,Latin America,98274.68,37.40,Estimate
Oct,Ecuador,Latin America,98048.29,37.58,Estimate
Nov,Ecuador,Latin America,97821.90,37.76,Estimate
Dec,Ecuador,Latin America,97595.52,37.94,Estimate
Jan,El Salvador,Latin America,69993.00,45.00,Actual
Feb,El Salvador,Latin America,120927.24,59.84,Estimate
Mar,El Salvador,Latin America,123017.73,61.33,Estimate
Apr,El Salvador,Latin America,125108.22,62.83,Estimate
May,El Salvador,Latin America,127198.71,64.32,Estimate
Jun,El Salvador,Latin America,129289.20,65.82,Estimate
Jul,El Salvador,Latin America,131379.69,67.31,Estimate
Aug,El Salvador,Latin America,133470.18,68.81,Estimate
Sep,El Salvador,Latin America,135560.67,70.30,Estimate
Oct,El Salvador,Latin America,137651.16,71.79,Estimate
Nov,El Salvador,Latin America,139741.65,73.29,Estimate
Dec,El Salvador,Latin America,141832.13,74.78,Estimate
Feb,Estonia,Europe,41584.26,3.29,Estimate
Mar,Estonia,Europe,40309.66,2.51,Estimate
Apr,Estonia,Europe,39035.06,1.73,Estimate
Jan,Finland,Europe,377281.00,234.00,Actual
Feb,Finland,Europe,585061.92,408.56,Estimate
Mar,Finland,Europe,584490.22,410.90,Estimate
Apr,Finland,Europe,583918.52,413.24,Estimate
May,Finland,Europe,583346.81,415.57,Estimate
Jun,Finland,Europe,582775.11,417.91,Estimate
Jul,Finland,Europe,582203.41,420.24,Estimate
Aug,Finland,Europe,581631.71,422.58,Estimate
Sep,Finland,Europe,581060.01,424.92,Estimate
Oct,Finland,Europe,580488.31,427.25,Estimate
Nov,Finland,Europe,579916.61,429.59,Estimate
Dec,Finland,Europe,579344.91,431.92,Estimate
Jan,France,Europe,881871.00,599.32,Actual
Feb,France,Europe,583749.16,449.21,Estimate
Mar,France,Europe,553330.01,434.44,Estimate
Apr,France,Europe,522910.86,419.67,Estimate
May,France,Europe,492491.71,404.90,Estimate
Jun,France,Europe,462072.56,390.14,Estimate
Jul,France,Europe,431653.41,375.37,Estimate
Aug,France,Europe,401234.26,360.60,Estimate
Sep,France,Europe,370815.11,345.83,Estimate
Oct,France,Europe,340395.96,331.06,Estimate
Nov,France,Europe,309976.81,316.29,Estimate
Dec,France,Europe,279557.66,301.52,Estimate
Jan,Gambia,Africa,167666.00,113.00,Actual
Feb,Gambia,Africa,44378.68,18.11,Estimate
Mar,Gambia,Africa,42140.63,16.89,Estimate
Apr,Gambia,Africa,39902.59,15.67,Estimate
May,Gambia,Africa,37664.55,14.45,Estimate
Jun,Gambia,Africa,35426.50,13.23,Estimate
Jul,Gambia,Africa,33188.46,12.02,Estimate
Aug,Gambia,Africa,30950.41,10.80,Estimate
Sep,Gambia,Africa,28712.37,9.58,Estimate
Oct,Gambia,Africa,26474.32,8.36,Estimate
Nov,Gambia,Africa,24236.28,7.14,Estimate
Dec,Gambia,Africa,21998.23,5.92,Estimate
Jan,Georgia,Asia,162702.00,102.70,Actual
Feb,Georgia,Asia,221093.73,163.44,Estimate
Mar,Georgia,Asia,203275.30,154.99,Estimate
Apr,Georgia,Asia,185456.88,146.55,Estimate
May,Georgia,Asia,167638.46,138.10,Estimate
Jun,Georgia,Asia,149820.03,129.65,Estimate
Jul,Georgia,Asia,132001.61,121.20,Estimate
Aug,Georgia,Asia,114183.19,112.76,Estimate
Sep,Georgia,Asia,96364.76,104.31,Estimate
Oct,Georgia,Asia,78546.34,95.86,Estimate
Nov,Georgia,Asia,60727.92,87.41,Estimate
Dec,Georgia,Asia,42909.50,78.97,Estimate
Jan,Germany,Europe,3878735.00,2638.42,Actual
Feb,Germany,Europe,2915202.54,2215.96,Estimate
Mar,Germany,Europe,2883611.00,2211.75,Estimate
Apr,Germany,Europe,2852019.47,2207.55,Estimate
May,Germany,Europe,2820427.94,2203.34,Estimate
Jun,Germany,Europe,2788836.41,2199.13,Estimate
Jul,Germany,Europe,2757244.88,2194.93,Estimate
Aug,Germany,Europe,2725653.34,2190.72,Estimate
Sep,Germany,Europe,2694061.81,2186.52,Estimate
Oct,Germany,Europe,2662470.28,2182.31,Estimate
Nov,Germany,Europe,2630878.75,2178.10,Estimate
Dec,Germany,Europe,2599287.22,2173.90,Estimate
Jan,Ghana,Africa,302321.00,207.23,Actual
Feb,Ghana,Africa,981358.00,743.42,Estimate
Mar,Ghana,Africa,968684.51,740.80,Estimate
Apr,Ghana,Africa,956011.02,738.18,Estimate
May,Ghana,Africa,943337.53,735.56,Estimate
Jun,Ghana,Africa,930664.04,732.94,Estimate
Jul,Ghana,Africa,917990.55,730.32,Estimate
Aug,Ghana,Africa,905317.05,727.70,Estimate
Sep,Ghana,Africa,892643.56,725.08,Estimate
Oct,Ghana,Africa,879970.07,722.46,Estimate
Nov,Ghana,Africa,867296.58,719.84,Estimate
Dec,Ghana,Africa,854623.09,717.22,Estimate
Jan,Greece,Europe,272783.00,177.36,Actual
Feb,Greece,Europe,475214.39,359.51,Estimate
Mar,Greece,Europe,469711.54,359.41,Estimate
Apr,Greece,Europe,464208.69,359.31,Estimate
May,Greece,Europe,458705.83,359.21,Estimate
Jun,Greece,Europe,453202.98,359.12,Estimate
Jul,Greece,Europe,447700.13,359.02,Estimate
Aug,Greece,Europe,442197.28,358.92,Estimate
Sep,Greece,Europe,436694.43,358.82,Estimate
Oct,Greece,Europe,431191.57,358.72,Estimate
Nov,Greece,Europe,425688.72,358.62,Estimate
Dec,Greece,Europe,420185.87,358.52,Estimate
Jan,Guatemala,Latin America,94581.00,62.00,Actual
Feb,Guatemala,Latin America,177832.09,77.29,Estimate
Mar,Guatemala,Latin America,181851.60,79.99,Estimate
Apr,Guatemala,Latin America,185871.11,82.69,Estimate
May,Guatemala,Latin America,189890.62,85.39,Estimate
Jun,Guatemala,Latin America,193910.13,88.08,Estimate
Jul,Guatemala,Latin America,197929.64,90.78,Estimate
Aug,Guatemala,Latin America,201949.15,93.48,Estimate
Sep,Guatemala,Latin America,205968.66,96.18,Estimate
Oct,Guatemala,Latin America,209988.17,98.88,Estimate
Nov,Guatemala,Latin America,214007.68,101.58,Estimate
Dec,Guatemala,Latin America,218027.19,104.28,Estimate
Jan,Guinea,Africa,508119.00,346.87,Actual
Feb,Guinea,Africa,372956.03,276.85,Estimate
Mar,Guinea,Africa,375349.19,279.90,Estimate
Apr,Guinea,Africa,377742.34,282.95,Estimate
May,Guinea,Africa,380135.50,286.00,Estimate
Jun,Guinea,Africa,382528.66,289.05,Estimate
Jul,Guinea,Africa,384921.81,292.10,Estimate
Aug,Guinea,Africa,387314.97,295.15,Estimate
Sep,Guinea,Africa,389708.12,298.19,Estimate
Oct,Guinea,Africa,392101.28,301.24,Estimate
Nov,Guinea,Africa,394494.43,304.29,Estimate
Dec,Guinea,Africa,396887.59,307.34,Estimate
Jan,Haiti,Latin America,33854.00,21.00,Actual
Feb,Haiti,Latin America,68380.29,9.54,Estimate
Mar,Haiti,Latin America,68562.93,9.68,Estimate
Apr,Haiti,Latin America,68745.56,9.81,Estimate
May,Haiti,Latin America,68928.19,9.95,Estimate
Jun,Haiti,Latin America,69110.83,10.08,Estimate
Jul,Haiti,Latin America,69293.46,10.22,Estimate
Aug,Haiti,Latin America,69476.09,10.35,Estimate
Sep,Haiti,Latin America,69658.73,10.49,Estimate
Oct,Haiti,Latin America,69841.36,10.62,Estimate
Nov,Haiti,Latin America,70024.00,10.76,Estimate
Dec,Haiti,Latin America,70206.63,10.89,Estimate
Feb,Honduras,Latin America,113908.51,46.02,Estimate
Mar,Honduras,Latin America,114302.03,46.50,Estimate
Apr,Honduras,Latin America,114695.55,46.98,Estimate
May,Honduras,Latin America,115089.06,47.46,Estimate
Jun,Honduras,Latin America,115482.58,47.94,Estimate
Jul,Honduras,Latin America,115876.09,48.42,Estimate
Aug,Honduras,Latin America,116269.61,48.90,Estimate
Sep,Honduras,Latin America,116663.12,49.37,Estimate
Oct,Honduras,Latin America,117056.64,49.85,Estimate
Nov,Honduras,Latin America,117450.15,50.33,Estimate
Dec,Honduras,Latin America,117843.67,50.81,Estimate
Jan,Hong Kong,Asia,63971.00,42.00,Actual
Feb,Hong Kong,Asia,276231.37,146.47,Estimate
Mar,Hong Kong,Asia,283382.35,151.21,Estimate
Apr,Hong Kong,Asia,290533.32,155.94,Estimate
May,Hong Kong,Asia,297684.30,160.68,Estimate
Jun,Hong Kong,Asia,304835.27,165.41,Estimate
Jul,Hong Kong,Asia,311986.25,170.14,Estimate
Aug,Hong Kong,Asia,319137.23,174.88,Estimate
Sep,Hong Kong,Asia,326288.20,179.61,Estimate
Oct,Hong Kong,Asia,333439.18,184.34,Estimate
Nov,Hong Kong,Asia,340590.16,189.08,Estimate
Dec,Hong Kong,Asia,347741.13,193.81,Estimate
Feb,Hungary,Europe,41692.25,4.90,Estimate
Mar,Hungary,Europe,41812.25,5.00,Estimate
Apr,Hungary,Europe,41932.25,5.10,Estimate
May,Hungary,Europe,42052.25,5.19,Estimate
Jun,Hungary,Europe,42172.25,5.29,Estimate
Jul,Hungary,Europe,42292.25,5.39,Estimate
Aug,Hungary,Europe,42412.25,5.48,Estimate
Sep,Hungary,Europe,42532.25,5.58,Estimate
Oct,Hungary,Europe,42652.25,5.68,Estimate
Nov,Hungary,Europe,42772.25,5.77,Estimate
Dec,Hungary,Europe,42892.25,5.87,Estimate
Feb,Ireland,Europe,150193.98,85.14,Estimate
Mar,Ireland,Europe,154306.22,87.47,Estimate
Apr,Ireland,Europe,148876.77,84.39,Estimate
May,Ireland,Europe,148755.70,84.32,Estimate
Jun,Ireland,Europe,152650.42,86.53,Estimate
Jul,Ireland,Europe,159032.96,90.15,Estimate
Aug,Ireland,Europe,128216.62,72.68,Estimate
Sep,Ireland,Europe,158952.14,90.10,Estimate
Oct,Ireland,Europe,164955.39,93.51,Estimate
Nov,Ireland,Europe,149215.05,84.58,Estimate
Dec,Ireland,Europe,138228.83,78.36,Estimate
Jan,Israel,Asia,1270557.00,831.78,Actual
Feb,Israel,Asia,1547244.66,1083.96,Estimate
Mar,Israel,Asia,1557389.14,1097.26,Estimate
Apr,Israel,Asia,1567533.63,1110.55,Estimate
May,Israel,Asia,1577678.11,1123.85,Estimate
Jun,Israel,Asia,1587822.59,1137.15,Estimate
Jul,Israel,Asia,1597967.08,1150.45,Estimate
Aug,Israel,Asia,1608111.56,1163.75,Estimate
Sep,Israel,Asia,1618256.05,1177.05,Estimate
Oct,Israel,Asia,1628400.53,1190.34,Estimate
Nov,Israel,Asia,1638545.01,1203.64,Estimate
Dec,Israel,Asia,1648689.50,1216.94,Estimate
Jan,Italy,Europe,760972.00,493.33,Actual
Feb,Italy,Europe,787734.46,610.70,Estimate
Mar,Italy,Europe,759516.13,599.08,Estimate
Apr,Italy,Europe,731297.81,587.46,Estimate
May,Italy,Europe,703079.49,575.84,Estimate
Jun,Italy,Europe,674861.17,564.22,Estimate
Jul,Italy,Europe,646642.85,552.60,Estimate
Aug,Italy,Europe,618424.53,540.98,Estimate
Sep,Italy,Europe,590206.21,529.36,Estimate
Oct,Italy,Europe,561987.89,517.74,Estimate
Nov,Italy,Europe,533769.57,506.12,Estimate
Dec,Italy,Europe,505551.25,494.50,Estimate
Feb,Japan,Asia,91844.30,25.53,Estimate
Mar,Japan,Asia,89981.92,24.61,Estimate
Apr,Japan,Asia,88119.53,23.70,Estimate
May,Japan,Asia,86257.15,22.78,Estimate
Jun,Japan,Asia,84394.76,21.86,Estimate
Jul,Japan,Asia,82532.38,20.94,Estimate
Aug,Japan,Asia,80669.99,20.02,Estimate
Sep,Japan,Asia,78807.61,19.10,Estimate
Oct,Japan,Asia,76945.22,18.18,Estimate
Nov,Japan,Asia,75082.84,17.26,Estimate
Dec,Japan,Asia,73220.45,16.34,Estimate
Jan,Jordan,Asia,590647.00,372.33,Actual
Feb,Jordan,Asia,732061.38,498.37,Estimate
Mar,Jordan,Asia,732732.67,502.28,Estimate
Apr,Jordan,Asia,733403.96,506.19,Estimate
May,Jordan,Asia,734075.25,510.11,Estimate
Jun,Jordan,Asia,734746.54,514.02,Estimate
Jul,Jordan,Asia,735417.83,517.93,Estimate
Aug,Jordan,Asia,736089.12,521.85,Estimate
Sep,Jordan,Asia,736760.40,525.76,Estimate
Oct,Jordan,Asia,737431.69,529.67,Estimate
Nov,Jordan,Asia,738102.98,533.59,Estimate
Dec,Jordan,Asia,738774.27,537.50,Estimate
Jan,Kenya,Africa,214130.00,144.38,Actual
Feb,Kenya,Africa,243332.70,168.96,Estimate
Mar,Kenya,Africa,248086.09,172.83,Estimate
Apr,Kenya,Africa,252839.48,176.70,Estimate
May,Kenya,Africa,257592.87,180.57,Estimate
Jun,Kenya,Africa,262346.26,184.44,Estimate
Jul,Kenya,Africa,267099.65,188.31,Estimate
Aug,Kenya,Africa,271853.04,192.18,Estimate
Sep,Kenya,Africa,276606.43,196.05,Estimate
Oct,Kenya,Africa,281359.82,199.92,Estimate
Nov,Kenya,Africa,286113.21,203.79,Estimate
Dec,Kenya,Africa,290866.61,207.66,Estimate
Jan,Kuwait,Asia,2529504.00,1552.40,Actual
Feb,Kuwait,Asia,2410321.41,1700.19,Estimate
Mar,Kuwait,Asia,2380891.95,1698.09,Estimate
Apr,Kuwait,Asia,2351462.49,1695.99,Estimate
May,Kuwait,Asia,2322033.02,1693.89,Estimate
Jun,Kuwait,Asia,2292603.56,1691.80,Estimate
Jul,Kuwait,Asia,2263174.10,1689.70,Estimate
Aug,Kuwait,Asia,2233744.63,1687.60,Estimate
Sep,Kuwait,Asia,2204315.17,1685.50,Estimate
Oct,Kuwait,Asia,2174885.71,1683.41,Estimate
Nov,Kuwait,Asia,2145456.24,1681.31,Estimate
Dec,Kuwait,Asia,2116026.78,1679.21,Estimate
Feb,Latvia,Europe,79541.31,29.36,Estimate
Mar,Latvia,Europe,77845.17,28.71,Estimate
Apr,Latvia,Europe,76149.03,28.06,Estimate
May,Latvia,Europe,74452.89,27.40,Estimate
Jun,Latvia,Europe,72756.75,26.75,Estimate
Jul,Latvia,Europe,71060.61,26.10,Estimate
Aug,Latvia,Europe,69364.47,25.45,Estimate
Sep,Latvia,Europe,67668.33,24.79,Estimate
Oct,Latvia,Europe,65972.18,24.14,Estimate
Nov,Latvia,Europe,64276.04,23.49,Estimate
Dec,Latvia,Europe,62579.90,22.84,Estimate
Jan,Lebanon,Asia,477349.00,316.00,Actual
Feb,Lebanon,Asia,865146.57,665.94,Estimate
Mar,Lebanon,Asia,848484.18,662.61,Estimate
Apr,Lebanon,Asia,831821.79,659.28,Estimate
May,Lebanon,Asia,815159.40,655.96,Estimate
Jun,Lebanon,Asia,798497.01,652.63,Estimate
Jul,Lebanon,Asia,781834.62,649.30,Estimate
Aug,Lebanon,Asia,765172.23,645.97,Estimate
Sep,Lebanon,Asia,748509.84,642.64,Estimate
Oct,Lebanon,Asia,731847.45,639.31,Estimate
Nov,Lebanon,Asia,715185.06,635.98,Estimate
Dec,Lebanon,Asia,698522.66,632.66,Estimate
Jan,Liberia,Africa,74421.00,50.00,Actual
Feb,Liberia,Africa,114479.76,85.71,Estimate
Mar,Liberia,Africa,114521.76,86.31,Estimate
Apr,Liberia,Africa,114563.76,86.92,Estimate
May,Liberia,Africa,114605.75,87.53,Estimate
Jun,Liberia,Africa,114647.75,88.14,Estimate
Jul,Liberia,Africa,114689.75,88.75,Estimate
Aug,Liberia,Africa,114731.75,89.36,Estimate
Sep,Liberia,Africa,114773.74,89.96,Estimate
Oct,Liberia,Africa,114815.74,90.57,Estimate
Nov,Liberia,Africa,114857.74,91.18,Estimate
Dec,Liberia,Africa,114899.74,91.79,Estimate
Jan,Libya,Africa,496258.00,340.00,Actual
Feb,Libya,Africa,266897.78,124.82,Estimate
Mar,Libya,Africa,262900.16,123.71,Estimate
Apr,Libya,Africa,258902.54,122.61,Estimate
May,Libya,Africa,254904.91,121.50,Estimate
Jun,Libya,Africa,250907.29,120.39,Estimate
Jul,Libya,Africa,246909.67,119.29,Estimate
Aug,Libya,Africa,242912.04,118.18,Estimate
Sep,Libya,Africa,238914.42,117.07,Estimate
Oct,Libya,Africa,234916.80,115.96,Estimate
Nov,Libya,Africa,230919.17,114.86,Estimate
Dec,Libya,Africa,226921.55,113.75,Estimate
Jan,Malaysia,Asia,1725110.00,1080.08,Actual
Feb,Malaysia,Asia,1983814.41,1226.23,Estimate
Mar,Malaysia,Asia,2010165.94,1246.23,Estimate
Apr,Malaysia,Asia,2036517.47,1266.24,Estimate
May,Malaysia,Asia,2062869.00,1286.25,Estimate
Jun,Malaysia,Asia,2089220.52,1306.26,Estimate
Jul,Malaysia,Asia,2115572.05,1326.27,Estimate
Aug,Malaysia,Asia,2141923.58,1346.27,Estimate
Sep,Malaysia,Asia,2168275.10,1366.28,Estimate
Oct,Malaysia,Asia,2194626.63,1386.29,Estimate
Nov,Malaysia,Asia,2220978.16,1406.30,Estimate
Dec,Malaysia,Asia,2247329.68,1426.31,Estimate
Jan,Maldives,Asia,44541.00,31.11,Actual
Feb,Maldives,Asia,48518.42,31.27,Estimate
Mar,Maldives,Asia,48487.99,31.38,Estimate
Apr,Maldives,Asia,48457.55,31.48,Estimate
May,Maldives,Asia,48427.12,31.59,Estimate
Jun,Maldives,Asia,48396.68,31.70,Estimate
Jul,Maldives,Asia,48366.24,31.80,Estimate
Aug,Maldives,Asia,48335.81,31.91,Estimate
Sep,Maldives,Asia,48305.37,32.02,Estimate
Oct,Maldives,Asia,48274.94,32.12,Estimate
Nov,Maldives,Asia,48244.50,32.23,Estimate
Dec,Maldives,Asia,48214.06,32.34,Estimate
Jan,Mauritania,Africa,74873.00,50.00,Actual
Feb,Mauritania,Africa,140194.03,109.74,Estimate
Mar,Mauritania,Africa,136109.35,108.00,Estimate
Apr,Mauritania,Africa,132024.67,106.25,Estimate
May,Mauritania,Africa,127939.98,104.51,Estimate
Jun,Mauritania,Africa,123855.30,102.76,Estimate
Jul,Mauritania,Africa,119770.62,101.02,Estimate
Aug,Mauritania,Africa,115685.93,99.28,Estimate
Sep,Mauritania,Africa,111601.25,97.53,Estimate
Oct,Mauritania,Africa,107516.57,95.79,Estimate
Nov,Mauritania,Africa,103431.88,94.04,Estimate
Dec,Mauritania,Africa,99347.20,92.30,Estimate
Jan,Mauritius,Africa,22125.00,15.00,Actual
Feb,Mauritius,Africa,122753.68,96.95,Estimate
Mar,Mauritius,Africa,120363.48,96.22,Estimate
Apr,Mauritius,Africa,117973.28,95.49,Estimate
May,Mauritius,Africa,115583.07,94.75,Estimate
Jun,Mauritius,Africa,113192.87,94.02,Estimate
Jul,Mauritius,Africa,110802.66,93.29,Estimate
Aug,Mauritius,Africa,108412.46,92.56,Estimate
Sep,Mauritius,Africa,106022.26,91.83,Estimate
Oct,Mauritius,Africa,103632.05,91.09,Estimate
Nov,Mauritius,Africa,101241.85,90.36,Estimate
Dec,Mauritius,Africa,98851.64,89.63,Estimate
Jan,Mexico,Latin America,81637.00,53.83,Actual
Jan,Morocco,Africa,1151354.00,765.85,Actual
Feb,Morocco,Africa,510275.17,424.90,Estimate
Mar,Morocco,Africa,471408.16,405.75,Estimate
Apr,Morocco,Africa,432541.16,386.60,Estimate
May,Morocco,Africa,393674.15,367.46,Estimate
Jun,Morocco,Africa,354807.14,348.31,Estimate
Jul,Morocco,Africa,315940.14,329.16,Estimate
Aug,Morocco,Africa,277073.13,310.01,Estimate
Sep,Morocco,Africa,238206.12,290.86,Estimate
Oct,Morocco,Africa,199339.12,271.71,Estimate
Nov,Morocco,Africa,160472.11,252.57,Estimate
Dec,Morocco,Africa,121605.10,233.42,Estimate
Jan,Mozambique,Africa,259872.00,177.64,Actual
Feb,Mozambique,Africa,247155.51,171.01,Estimate
Mar,Mozambique,Africa,251941.20,175.06,Estimate
Apr,Mozambique,Africa,256726.89,179.11,Estimate
May,Mozambique,Africa,261512.57,183.17,Estimate
Jun,Mozambique,Africa,266298.26,187.22,Estimate
Jul,Mozambique,Africa,271083.95,191.27,Estimate
Aug,Mozambique,Africa,275869.63,195.32,Estimate
Sep,Mozambique,Africa,280655.32,199.38,Estimate
Oct,Mozambique,Africa,285441.01,203.43,Estimate
Nov,Mozambique,Africa,290226.69,207.48,Estimate
Dec,Mozambique,Africa,295012.38,211.54,Estimate
Feb,Namibia,Africa,31985.29,7.51,Estimate
Mar,Namibia,Africa,31736.52,7.40,Estimate
Apr,Namibia,Africa,31487.74,7.28,Estimate
May,Namibia,Africa,31238.97,7.17,Estimate
Jun,Namibia,Africa,30990.19,7.06,Estimate
Jul,Namibia,Africa,30741.41,6.95,Estimate
Aug,Namibia,Africa,30492.64,6.83,Estimate
Sep,Namibia,Africa,30243.86,6.72,Estimate
Oct,Namibia,Africa,29995.09,6.61,Estimate
Nov,Namibia,Africa,29746.31,6.50,Estimate
Dec,Namibia,Africa,29497.54,6.38,Estimate
Jan,Netherlands,Europe,6599327.00,4330.87,Actual
Feb,Netherlands,Europe,6228478.97,4568.71,Estimate
Mar,Netherlands,Europe,6192382.18,4573.32,Estimate
Apr,Netherlands,Europe,6156285.39,4577.93,Estimate
May,Netherlands,Europe,6120188.59,4582.55,Estimate
Jun,Netherlands,Europe,6084091.80,4587.16,Estimate
Jul,Netherlands,Europe,6047995.01,4591.77,Estimate
Aug,Netherlands,Europe,6011898.22,4596.38,Estimate
Sep,Netherlands,Europe,5975801.43,4601.00,Estimate
Oct,Netherlands,Europe,5939704.64,4605.61,Estimate
Nov,Netherlands,Europe,5903607.84,4610.22,Estimate
Dec,Netherlands,Europe,5867511.05,4614.84,Estimate
Jan,New Zealand,Oceania,1141711.00,728.03,Actual
Feb,New Zealand,Oceania,1623737.76,1122.77,Estimate
Mar,New Zealand,Oceania,1633395.59,1135.84,Estimate
Apr,New Zealand,Oceania,1643053.41,1148.90,Estimate
May,New Zealand,Oceania,1652711.24,1161.97,Estimate
Jun,New Zealand,Oceania,1662369.06,1175.04,Estimate
Jul,New Zealand,Oceania,1672026.89,1188.10,Estimate
Aug,New Zealand,Oceania,1681684.72,1201.17,Estimate
Sep,New Zealand,Oceania,1691342.54,1214.23,Estimate
Oct,New Zealand,Oceania,1701000.37,1227.30,Estimate
Nov,New Zealand,Oceania,1710658.19,1240.36,Estimate
Dec,New Zealand,Oceania,1720316.02,1253.43,Estimate
Feb,Nicaragua,Latin America,63924.22,21.92,Estimate
Mar,Nicaragua,Latin America,65106.00,22.69,Estimate
Apr,Nicaragua,Latin America,66287.79,23.46,Estimate
May,Nicaragua,Latin America,67469.57,24.23,Estimate
Jun,Nicaragua,Latin America,68651.36,25.00,Estimate
Jul,Nicaragua,Latin America,69833.14,25.77,Estimate
Aug,Nicaragua,Latin America,71014.93,26.54,Estimate
Sep,Nicaragua,Latin America,72196.71,27.31,Estimate
Oct,Nicaragua,Latin America,73378.50,28.08,Estimate
Nov,Nicaragua,Latin America,74560.28,28.85,Estimate
Dec,Nicaragua,Latin America,75742.07,29.62,Estimate
Jan,Nigeria,Africa,2949520.00,2009.50,Actual
Feb,Nigeria,Africa,2932426.36,2189.83,Estimate
Mar,Nigeria,Africa,2963174.31,2219.49,Estimate
Apr,Nigeria,Africa,2993922.26,2249.15,Estimate
May,Nigeria,Africa,3024670.22,2278.81,Estimate
Jun,Nigeria,Africa,3055418.17,2308.46,Estimate
Jul,Nigeria,Africa,3086166.12,2338.12,Estimate
Aug,Nigeria,Africa,3116914.07,2367.78,Estimate
Sep,Nigeria,Africa,3147662.03,2397.44,Estimate
Oct,Nigeria,Africa,3178409.98,2427.09,Estimate
Nov,Nigeria,Africa,3209157.93,2456.75,Estimate
Dec,Nigeria,Africa,3239905.89,2486.41,Estimate
Jan,Norway,Europe,176436.00,109.61,Actual
Feb,Norway,Europe,298352.81,221.37,Estimate
Mar,Norway,Europe,279569.92,213.66,Estimate
Apr,Norway,Europe,260787.04,205.94,Estimate
May,Norway,Europe,242004.16,198.22,Estimate
Jun,Norway,Europe,223221.28,190.50,Estimate
Jul,Norway,Europe,204438.39,182.79,Estimate
Aug,Norway,Europe,185655.51,175.07,Estimate
Sep,Norway,Europe,166872.63,167.35,Estimate
Oct,Norway,Europe,148089.75,159.63,Estimate
Nov,Norway,Europe,129306.87,151.92,Estimate
Dec,Norway,Europe,110523.98,144.20,Estimate
Jan,Oman,Asia,502557.00,323.85,Actual
Feb,Oman,Asia,267487.62,187.22,Estimate
Mar,Oman,Asia,270692.97,189.90,Estimate
Apr,Oman,Asia,273898.31,192.58,Estimate
May,Oman,Asia,277103.66,195.26,Estimate
Jun,Oman,Asia,280309.01,197.94,Estimate
Jul,Oman,Asia,283514.36,200.63,Estimate
Aug,Oman,Asia,286719.71,203.31,Estimate
Sep,Oman,Asia,289925.06,205.99,Estimate
Oct,Oman,Asia,293130.41,208.67,Estimate
Nov,Oman,Asia,296335.75,211.36,Estimate
Dec,Oman,Asia,299541.10,214.04,Estimate
Jan,Panama,Latin America,113218.00,72.00,Actual
Feb,Panama,Latin America,209464.03,87.74,Estimate
Mar,Panama,Latin America,214220.16,90.90,Estimate
Apr,Panama,Latin America,218976.28,94.07,Estimate
May,Panama,Latin America,223732.40,97.24,Estimate
Jun,Panama,Latin America,228488.52,100.40,Estimate
Jul,Panama,Latin America,233244.65,103.57,Estimate
Aug,Panama,Latin America,238000.77,106.74,Estimate
Sep,Panama,Latin America,242756.89,109.90,Estimate
Oct,Panama,Latin America,247513.01,113.07,Estimate
Nov,Panama,Latin America,252269.14,116.24,Estimate
Dec,Panama,Latin America,257025.26,119.41,Estimate
Feb,Paraguay,Latin America,75681.55,15.87,Estimate
Mar,Paraguay,Latin America,76397.87,16.38,Estimate
Apr,Paraguay,Latin America,77114.20,16.88,Estimate
May,Paraguay,Latin America,77830.53,17.39,Estimate
Jun,Paraguay,Latin America,78546.85,17.89,Estimate
Jul,Paraguay,Latin America,79263.18,18.40,Estimate
Aug,Paraguay,Latin America,79979.51,18.90,Estimate
Sep,Paraguay,Latin America,80695.83,19.41,Estimate
Oct,Paraguay,Latin America,81412.16,19.91,Estimate
Nov,Paraguay,Latin America,82128.49,20.42,Estimate
Dec,Paraguay,Latin America,82844.81,20.92,Estimate
Jan,Peru,Latin America,182737.00,113.24,Actual
Feb,Peru,Latin America,231782.46,141.30,Estimate
Mar,Peru,Latin America,237459.07,145.35,Estimate
Apr,Peru,Latin America,243135.68,149.39,Estimate
May,Peru,Latin America,248812.30,153.43,Estimate
Jun,Peru,Latin America,254488.91,157.48,Estimate
Jul,Peru,Latin America,260165.52,161.52,Estimate
Aug,Peru,Latin America,265842.14,165.56,Estimate
Sep,Peru,Latin America,271518.75,169.61,Estimate
Oct,Peru,Latin America,277195.36,173.65,Estimate
Nov,Peru,Latin America,282871.98,177.69,Estimate
Dec,Peru,Latin America,288548.59,181.74,Estimate
Jan,Philippines,Asia,38805.00,23.00,Actual
Feb,Philippines,Asia,85256.32,28.75,Estimate
Mar,Philippines,Asia,86574.70,29.62,Estimate
Apr,Philippines,Asia,87893.07,30.48,Estimate
May,Philippines,Asia,89211.45,31.35,Estimate
Jun,Philippines,Asia,90529.83,32.21,Estimate
Jul,Philippines,Asia,91848.21,33.08,Estimate
Aug,Philippines,Asia,93166.58,33.94,Estimate
Sep,Philippines,Asia,94484.96,34.81,Estimate
Oct,Philippines,Asia,95803.34,35.67,Estimate
Nov,Philippines,Asia,97121.72,36.54,Estimate
Dec,Philippines,Asia,98440.10,37.40,Estimate
Jan,Poland,Europe,508786.00,340.12,Actual
Feb,Poland,Europe,573787.04,413.75,Estimate
Mar,Poland,Europe,567906.87,412.73,Estimate
Apr,Poland,Europe,562026.69,411.70,Estimate
May,Poland,Europe,556146.52,410.68,Estimate
Jun,Poland,Europe,550266.35,409.65,Estimate
Jul,Poland,Europe,544386.17,408.62,Estimate
Aug,Poland,Europe,538506.00,407.60,Estimate
Sep,Poland,Europe,532625.82,406.57,Estimate
Oct,Poland,Europe,526745.65,405.55,Estimate
Nov,Poland,Europe,520865.47,404.52,Estimate
Dec,Poland,Europe,514985.30,403.50,Estimate
Feb,Portugal,Europe,86342.43,14.58,Estimate
Mar,Portugal,Europe,76691.28,9.72,Estimate
Apr,Portugal,Europe,67040.12,4.87,Estimate
Jan,Qatar,Asia,1514239.00,878.67,Actual
Feb,Qatar,Asia,1482568.45,1006.92,Estimate
Mar,Qatar,Asia,1477332.12,1012.92,Estimate
Apr,Qatar,Asia,1472095.79,1018.93,Estimate
May,Qatar,Asia,1466859.47,1024.93,Estimate
Jun,Qatar,Asia,1461623.14,1030.93,Estimate
Jul,Qatar,Asia,1456386.81,1036.93,Estimate
Aug,Qatar,Asia,1451150.48,1042.94,Estimate
Sep,Qatar,Asia,1445914.16,1048.94,Estimate
Oct,Qatar,Asia,1440677.83,1054.94,Estimate
Nov,Qatar,Asia,1435441.50,1060.95,Estimate
Dec,Qatar,Asia,1430205.18,1066.95,Estimate
Jan,Rwanda,Africa,69902.00,50.00,Actual
Feb,Rwanda,Africa,69057.11,28.61,Estimate
Mar,Rwanda,Africa,70360.25,29.57,Estimate
Apr,Rwanda,Africa,71663.38,30.52,Estimate
May,Rwanda,Africa,72966.51,31.48,Estimate
Jun,Rwanda,Africa,74269.64,32.44,Estimate
Jul,Rwanda,Africa,75572.78,33.39,Estimate
Aug,Rwanda,Africa,76875.91,34.35,Estimate
Sep,Rwanda,Africa,78179.04,35.30,Estimate
Oct,Rwanda,Africa,79482.17,36.26,Estimate
Nov,Rwanda,Africa,80785.31,37.22,Estimate
Dec,Rwanda,Africa,82088.44,38.17,Estimate
Feb,Saint Lucia,Latin America,26249.05,8.69,Estimate
Mar,Saint Lucia,Latin America,26388.79,8.81,Estimate
Apr,Saint Lucia,Latin America,26528.52,8.94,Estimate
May,Saint Lucia,Latin America,26668.26,9.07,Estimate
Jun,Saint Lucia,Latin America,26808.00,9.19,Estimate
Jul,Saint Lucia,Latin America,26947.73,9.32,Estimate
Aug,Saint Lucia,Latin America,27087.47,9.44,Estimate
Sep,Saint Lucia,Latin America,27227.20,9.57,Estimate
Oct,Saint Lucia,Latin America,27366.94,9.70,Estimate
Nov,Saint Lucia,Latin America,27506.68,9.82,Estimate
Dec,Saint Lucia,Latin America,27646.41,9.95,Estimate
Jan,Saudi Arabia,Asia,15864494.00,9532.53,Actual
Feb,Saudi Arabia,Asia,14834332.27,10023.85,Estimate
Mar,Saudi Arabia,Asia,14775589.72,10065.69,Estimate
Apr,Saudi Arabia,Asia,14716847.17,10107.54,Estimate
May,Saudi Arabia,Asia,14658104.62,10149.38,Estimate
Jun,Saudi Arabia,Asia,14599362.07,10191.22,Estimate
Jul,Saudi Arabia,Asia,14540619.53,10233.07,Estimate
Aug,Saudi Arabia,Asia,14481876.98,10274.91,Estimate
Sep,Saudi Arabia,Asia,14423134.43,10316.76,Estimate
Oct,Saudi Arabia,Asia,14364391.88,10358.60,Estimate
Nov,Saudi Arabia,Asia,14305649.33,10400.44,Estimate
Dec,Saudi Arabia,Asia,14246906.79,10442.29,Estimate
Jan,Senegal,Africa,630279.00,413.73,Actual
Feb,Senegal,Africa,397648.35,297.39,Estimate
Mar,Senegal,Africa,395167.55,297.82,Estimate
Apr,Senegal,Africa,392686.74,298.26,Estimate
May,Senegal,Africa,390205.93,298.69,Estimate
Jun,Senegal,Africa,387725.13,299.13,Estimate
Jul,Senegal,Africa,385244.32,299.56,Estimate
Aug,Senegal,Africa,382763.51,300.00,Estimate
Sep,Senegal,Africa,380282.70,300.43,Estimate
Oct,Senegal,Africa,377801.90,300.87,Estimate
Nov,Senegal,Africa,375321.09,301.30,Estimate
Dec,Senegal,Africa,372840.28,301.74,Estimate
Feb,Seychelles,Asia,31079.36,11.48,Estimate
Mar,Seychelles,Asia,31035.29,11.49,Estimate
Apr,Seychelles,Asia,30991.23,11.51,Estimate
May,Seychelles,Asia,30947.16,11.52,Estimate
Jun,Seychelles,Asia,30903.09,11.54,Estimate
Jul,Seychelles,Asia,30859.02,11.55,Estimate
Aug,Seychelles,Asia,30814.95,11.57,Estimate
Sep,Seychelles,Asia,30770.88,11.58,Estimate
Oct,Seychelles,Asia,30726.81,11.59,Estimate
Nov,Seychelles,Asia,30682.74,11.61,Estimate
Dec,Seychelles,Asia,30638.67,11.62,Estimate
Jan,Sierra Leone,Africa,232064.00,154.00,Actual
Feb,Sierra Leone,Africa,138177.22,103.07,Estimate
Mar,Sierra Leone,Africa,138338.58,103.76,Estimate
Apr,Sierra Leone,Africa,138499.95,104.46,Estimate
May,Sierra Leone,Africa,138661.31,105.15,Estimate
Jun,Sierra Leone,Africa,138822.68,105.85,Estimate
Jul,Sierra Leone,Africa,138984.05,106.54,Estimate
Aug,Sierra Leone,Africa,139145.41,107.24,Estimate
Sep,Sierra Leone,Africa,139306.78,107.93,Estimate
Oct,Sierra Leone,Africa,139468.14,108.63,Estimate
Nov,Sierra Leone,Africa,139629.51,109.32,Estimate
Dec,Sierra Leone,Africa,139790.88,110.02,Estimate
Jan,Singapore,Asia,2821819.00,1865.13,Actual
Feb,Singapore,Asia,3350910.13,2351.90,Estimate
Mar,Singapore,Asia,3390394.67,2390.34,Estimate
Apr,Singapore,Asia,3429879.21,2428.78,Estimate
May,Singapore,Asia,3469363.75,2467.21,Estimate
Jun,Singapore,Asia,3508848.29,2505.65,Estimate
Jul,Singapore,Asia,3548332.83,2544.08,Estimate
Aug,Singapore,Asia,3587817.37,2582.52,Estimate
Sep,Singapore,Asia,3627301.91,2620.95,Estimate
Oct,Singapore,Asia,3666786.45,2659.39,Estimate
Nov,Singapore,Asia,3706270.99,2697.82,Estimate
Dec,Singapore,Asia,3745755.53,2736.26,Estimate
Feb,Slovakia,Europe,25878.11,1.20,Estimate
Mar,Slovakia,Europe,25962.60,1.24,Estimate
Apr,Slovakia,Europe,26047.09,1.29,Estimate
May,Slovakia,Europe,26131.58,1.33,Estimate
Jun,Slovakia,Europe,26216.08,1.38,Estimate
Jul,Slovakia,Europe,26300.57,1.42,Estimate
Aug,Slovakia,Europe,26385.06,1.47,Estimate
Sep,Slovakia,Europe,26469.55,1.51,Estimate
Oct,Slovakia,Europe,26554.05,1.56,Estimate
Nov,Slovakia,Europe,26638.54,1.60,Estimate
Dec,Slovakia,Europe,26723.03,1.65,Estimate
Jan,South Africa,Africa,4357502.00,2981.84,Actual
Feb,South Africa,Africa,4597754.67,3529.59,Estimate
Mar,South Africa,Africa,4567228.46,3537.10,Estimate
Apr,South Africa,Africa,4536702.26,3544.62,Estimate
May,South Africa,Africa,4506176.05,3552.13,Estimate
Jun,South Africa,Africa,4475649.85,3559.65,Estimate
Jul,South Africa,Africa,4445123.64,3567.17,Estimate
Aug,South Africa,Africa,4414597.44,3574.68,Estimate
Sep,South Africa,Africa,4384071.24,3582.20,Estimate
Oct,South Africa,Africa,4353545.03,3589.71,Estimate
Nov,South Africa,Africa,4323018.83,3597.23,Estimate
Dec,South Africa,Africa,4292492.62,3604.74,Estimate
Feb,South Korea,Asia,55617.24,16.15,Estimate
Mar,South Korea,Asia,55767.93,16.31,Estimate
Apr,South Korea,Asia,55918.62,16.46,Estimate
May,South Korea,Asia,56069.32,16.62,Estimate
Jun,South Korea,Asia,56220.01,16.78,Estimate
Jul,South Korea,Asia,56370.70,16.94,Estimate
Aug,South Korea,Asia,56521.39,17.09,Estimate
Sep,South Korea,Asia,56672.08,17.25,Estimate
Oct,South Korea,Asia,56822.78,17.41,Estimate
Nov,South Korea,Asia,56973.47,17.57,Estimate
Dec,South Korea,Asia,57124.16,17.72,Estimate
Jan,Spain,Europe,1581305.00,1057.18,Actual
Feb,Spain,Europe,1106435.53,748.40,Estimate
Mar,Spain,Europe,1108291.95,753.87,Estimate
Apr,Spain,Europe,1110148.37,759.34,Estimate
May,Spain,Europe,1112004.79,764.81,Estimate
Jun,Spain,Europe,1113861.21,770.28,Estimate
Jul,Spain,Europe,1115717.63,775.75,Estimate
Aug,Spain,Europe,1117574.05,781.22,Estimate
Sep,Spain,Europe,1119430.48,786.69,Estimate
Oct,Spain,Europe,1121286.90,792.16,Estimate
Nov,Spain,Europe,1123143.32,797.63,Estimate
Dec,Spain,Europe,1124999.74,803.10,Estimate
Jan,Sri Lanka,Asia,38980.00,31.00,Actual
Feb,Sri Lanka,Asia,32585.42,2.67,Estimate
Mar,Sri Lanka,Asia,32654.55,2.74,Estimate
Apr,Sri Lanka,Asia,32723.68,2.82,Estimate
May,Sri Lanka,Asia,32792.81,2.90,Estimate
Jun,Sri Lanka,Asia,32861.94,2.97,Estimate
Jul,Sri Lanka,Asia,32931.07,3.05,Estimate
Aug,Sri Lanka,Asia,33000.20,3.13,Estimate
Sep,Sri Lanka,Asia,33069.33,3.20,Estimate
Oct,Sri Lanka,Asia,33138.46,3.28,Estimate
Nov,Sri Lanka,Asia,33207.59,3.36,Estimate
Dec,Sri Lanka,Asia,33276.72,3.43,Estimate
Jan,Sudan,Africa,328001.00,226.13,Actual
Feb,Sudan,Africa,292876.09,206.30,Estimate
Mar,Sudan,Africa,297709.88,210.28,Estimate
Apr,Sudan,Africa,302543.66,214.26,Estimate
May,Sudan,Africa,307377.45,218.24,Estimate
Jun,Sudan,Africa,312211.24,222.21,Estimate
Jul,Sudan,Africa,317045.02,226.19,Estimate
Aug,Sudan,Africa,321878.81,230.17,Estimate
Sep,Sudan,Africa,326712.59,234.15,Estimate
Oct,Sudan,Africa,331546.38,238.13,Estimate
Nov,Sudan,Africa,336380.17,242.11,Estimate
Dec,Sudan,Africa,341213.95,246.09,Estimate
Jan,Suriname,Latin America,14105.00,10.00,Actual
Feb,Suriname,Latin America,18578.16,1.00,Estimate
Jan,Sweden,Europe,485776.00,305.70,Actual
Feb,Sweden,Europe,513302.46,333.38,Estimate
Mar,Sweden,Europe,513658.84,335.02,Estimate
Apr,Sweden,Europe,514015.22,336.67,Estimate
May,Sweden,Europe,514371.60,338.31,Estimate
Jun,Sweden,Europe,514727.98,339.95,Estimate
Jul,Sweden,Europe,515084.36,341.59,Estimate
Aug,Sweden,Europe,515440.74,343.23,Estimate
Sep,Sweden,Europe,515797.12,344.88,Estimate
Oct,Sweden,Europe,516153.49,346.52,Estimate
Nov,Sweden,Europe,516509.87,348.16,Estimate
Dec,Sweden,Europe,516866.25,349.80,Estimate
Jan,Switzerland,Europe,172185.00,118.32,Actual
Feb,Switzerland,Europe,133377.97,76.75,Estimate
Mar,Switzerland,Europe,134246.29,77.62,Estimate
Apr,Switzerland,Europe,135114.61,78.49,Estimate
May,Switzerland,Europe,135982.93,79.37,Estimate
Jun,Switzerland,Europe,136851.25,80.24,Estimate
Jul,Switzerland,Europe,137719.56,81.11,Estimate
Aug,Switzerland,Europe,138587.88,81.98,Estimate
Sep,Switzerland,Europe,139456.20,82.86,Estimate
Oct,Switzerland,Europe,140324.52,83.73,Estimate
Nov,Switzerland,Europe,141192.84,84.60,Estimate
Dec,Switzerland,Europe,142061.16,85.47,Estimate
Jan,Taiwan,Asia,30867.00,21.00,Actual
Feb,Taiwan,Asia,103441.47,47.01,Estimate
Mar,Taiwan,Asia,105321.91,48.29,Estimate
Apr,Taiwan,Asia,107202.36,49.56,Estimate
May,Taiwan,Asia,109082.80,50.84,Estimate
Jun,Taiwan,Asia,110963.25,52.11,Estimate
Jul,Taiwan,Asia,112843.69,53.39,Estimate
Aug,Taiwan,Asia,114724.14,54.67,Estimate
Sep,Taiwan,Asia,116604.58,55.94,Estimate
Oct,Taiwan,Asia,118485.03,57.22,Estimate
Nov,Taiwan,Asia,120365.48,58.49,Estimate
Dec,Taiwan,Asia,122245.92,59.77,Estimate
Jan,Tanzania,Africa,363711.00,246.55,Actual
Feb,Tanzania,Africa,261369.79,204.74,Estimate
Mar,Tanzania,Africa,257317.08,203.59,Estimate
Apr,Tanzania,Africa,253264.36,202.44,Estimate
May,Tanzania,Africa,249211.65,201.29,Estimate
Jun,Tanzania,Africa,245158.94,200.15,Estimate
Jul,Tanzania,Africa,241106.22,199.00,Estimate
Aug,Tanzania,Africa,237053.51,197.85,Estimate
Sep,Tanzania,Africa,233000.80,196.70,Estimate
Oct,Tanzania,Africa,228948.08,195.55,Estimate
Nov,Tanzania,Africa,224895.37,194.40,Estimate
Dec,Tanzania,Africa,220842.66,193.26,Estimate
Jan,Thailand,Asia,444027.00,278.00,Actual
Feb,Thailand,Asia,547535.41,376.24,Estimate
Mar,Thailand,Asia,542858.26,376.26,Estimate
Apr,Thailand,Asia,538181.10,376.29,Estimate
May,Thailand,Asia,533503.94,376.32,Estimate
Jun,Thailand,Asia,528826.78,376.35,Estimate
Jul,Thailand,Asia,524149.63,376.37,Estimate
Aug,Thailand,Asia,519472.47,376.40,Estimate
Sep,Thailand,Asia,514795.31,376.43,Estimate
Oct,Thailand,Asia,510118.15,376.46,Estimate
Nov,Thailand,Asia,505440.99,376.48,Estimate
Dec,Thailand,Asia,500763.84,376.51,Estimate
Jan,Togo,Africa,624949.00,413.78,Actual
Feb,Togo,Africa,698190.82,503.45,Estimate
Mar,Togo,Africa,708729.60,512.25,Estimate
Apr,Togo,Africa,719268.39,521.06,Estimate
May,Togo,Africa,729807.17,529.86,Estimate
Jun,Togo,Africa,740345.96,538.66,Estimate
Jul,Togo,Africa,750884.75,547.46,Estimate
Aug,Togo,Africa,761423.53,556.26,Estimate
Sep,Togo,Africa,771962.32,565.06,Estimate
Oct,Togo,Africa,782501.11,573.86,Estimate
Nov,Togo,Africa,793039.89,582.67,Estimate
Dec,Togo,Africa,803578.68,591.47,Estimate
Jan,Trinidad and Tobago,Latin America,48868.00,33.02,Actual
Feb,Trinidad and Tobago,Latin America,51142.58,25.01,Estimate
Mar,Trinidad and Tobago,Latin America,51636.87,25.48,Estimate
Apr,Trinidad and Tobago,Latin America,52131.15,25.95,Estimate
May,Trinidad and Tobago,Latin America,52625.44,26.43,Estimate
Jun,Trinidad and Tobago,Latin America,53119.72,26.90,Estimate
Jul,Trinidad and Tobago,Latin America,53614.01,27.38,Estimate
Aug,Trinidad and Tobago,Latin America,54108.29,27.85,Estimate
Sep,Trinidad and Tobago,Latin America,54602.58,28.32,Estimate
Oct,Trinidad and Tobago,Latin America,55096.86,28.80,Estimate
Nov,Trinidad and Tobago,Latin America,55591.15,29.27,Estimate
Dec,Trinidad and Tobago,Latin America,56085.44,29.75,Estimate
Jan,Turkey,Asia,153379.00,98.91,Actual
Feb,Turkey,Asia,96699.90,39.08,Estimate
Mar,Turkey,Asia,95206.36,39.03,Estimate
Apr,Turkey,Asia,93712.81,38.99,Estimate
May,Turkey,Asia,92219.27,38.94,Estimate
Jun,Turkey,Asia,90725.73,38.89,Estimate
Jul,Turkey,Asia,89232.19,38.85,Estimate
Aug,Turkey,Asia,87738.64,38.80,Estimate
Sep,Turkey,Asia,86245.10,38.76,Estimate
Oct,Turkey,Asia,84751.56,38.71,Estimate
Nov,Turkey,Asia,83258.02,38.67,Estimate
Dec,Turkey,Asia,81764.48,38.62,Estimate
Jan,United Arab Emirates,Asia,12607694.00,7776.21,Actual
Feb,United Arab Emirates,Asia,12539557.80,8756.27,Estimate
Mar,United Arab Emirates,Asia,12412628.22,8746.81,Estimate
Apr,United Arab Emirates,Asia,12285698.63,8737.36,Estimate
May,United Arab Emirates,Asia,12158769.05,8727.90,Estimate
Jun,United Arab Emirates,Asia,12031839.47,8718.45,Estimate
Jul,United Arab Emirates,Asia,11904909.89,8708.99,Estimate
Aug,United Arab Emirates,Asia,11777980.30,8699.54,Estimate
Sep,United Arab Emirates,Asia,11651050.72,8690.08,Estimate
Oct,United Arab Emirates,Asia,11524121.14,8680.63,Estimate
Nov,United Arab Emirates,Asia,11397191.55,8671.18,Estimate
Dec,United Arab Emirates,Asia,11270261.97,8661.72,Estimate
Jan,United Kingdom,Europe,12727364.00,8506.60,Actual
Feb,United Kingdom,Europe,15219830.98,11333.53,Estimate
Mar,United Kingdom,Europe,15257794.99,11429.35,Estimate
Apr,United Kingdom,Europe,15295759.00,11525.17,Estimate
May,United Kingdom,Europe,15333723.01,11620.99,Estimate
Jun,United Kingdom,Europe,15371687.02,11716.81,Estimate
Jul,United Kingdom,Europe,15409651.03,11812.63,Estimate
Aug,United Kingdom,Europe,15447615.04,11908.45,Estimate
Sep,United Kingdom,Europe,15485579.05,12004.26,Estimate
Oct,United Kingdom,Europe,15523543.06,12100.08,Estimate
Nov,United Kingdom,Europe,15561507.08,12195.90,Estimate
Dec,United Kingdom,Europe,15599471.09,12291.72,Estimate
Jan,Uruguay,Latin America,33577.00,20.00,Actual
Feb,Uruguay,Latin America,72293.69,31.76,Estimate
Mar,Uruguay,Latin America,73399.87,32.60,Estimate
Apr,Uruguay,Latin America,74506.06,33.44,Estimate
May,Uruguay,Latin America,75612.24,34.28,Estimate
Jun,Uruguay,Latin America,76718.42,35.12,Estimate
Jul,Uruguay,Latin America,77824.61,35.96,Estimate
Aug,Uruguay,Latin America,78930.79,36.81,Estimate
Sep,Uruguay,Latin America,80036.97,37.65,Estimate
Oct,Uruguay,Latin America,81143.16,38.49,Estimate
Nov,Uruguay,Latin America,82249.34,39.33,Estimate
Dec,Uruguay,Latin America,83355.52,40.17,Estimate
Jan,USA,North America,8174285.00,5268.09,Actual
Feb,USA,North America,10183397.91,7037.02,Estimate
Mar,USA,North America,10181719.57,7075.51,Estimate
Apr,USA,North America,10180041.22,7114.01,Estimate
May,USA,North America,10178362.87,7152.51,Estimate
Jun,USA,North America,10176684.53,7191.01,Estimate
Jul,USA,North America,10175006.18,7229.51,Estimate
Aug,USA,North America,10173327.83,7268.01,Estimate
Sep,USA,North America,10171649.49,7306.51,Estimate
Oct,USA,North America,10169971.14,7345.00,Estimate
Nov,USA,North America,10168292.79,7383.50,Estimate
Dec,USA,North America,10166614.44,7422.00,Estimate
Jan,Venezuela,Latin America,280324.00,164.14,Actual
Feb,Venezuela,Latin America,246288.23,90.43,Estimate
Mar,Venezuela,Latin America,249399.47,92.37,Estimate
Apr,Venezuela,Latin America,252510.70,94.30,Estimate
May,Venezuela,Latin America,255621.93,96.24,Estimate
Jun,Venezuela,Latin America,258733.17,98.18,Estimate
Jul,Venezuela,Latin America,261844.40,100.11,Estimate
Aug,Venezuela,Latin America,264955.63,102.05,Estimate
Sep,Venezuela,Latin America,268066.87,103.99,Estimate
Oct,Venezuela,Latin America,271178.10,105.93,Estimate
Nov,Venezuela,Latin America,274289.34,107.86,Estimate
Dec,Venezuela,Latin America,277400.57,109.80,Estimate
Jan,Viet Nam,Asia,78940.00,47.00,Actual
Feb,Viet Nam,Asia,262972.02,186.08,Estimate
Mar,Viet Nam,Asia,268148.98,190.44,Estimate
Apr,Viet Nam,Asia,273325.93,194.80,Estimate
May,Viet Nam,Asia,278502.89,199.17,Estimate
Jun,Viet Nam,Asia,283679.85,203.53,Estimate
Jul,Viet Nam,Asia,288856.80,207.89,Estimate
Aug,Viet Nam,Asia,294033.76,212.25,Estimate
Sep,Viet Nam,Asia,299210.72,216.62,Estimate
Oct,Viet Nam,Asia,304387.67,220.98,Estimate
Nov,Viet Nam,Asia,309564.63,225.34,Estimate
Dec,Viet Nam,Asia,314741.59,229.71,Estimate
